Model,Metric,Estimate,Lower,Upper,BootstrapSE,BootstrapReplicates,ConfidenceLevel
Logistic Regression,AUC,0.7514145964392743,0.7427587105209407,0.7604080112019149,0.004757019239867029,500,0.95
Logistic Regression,KS,0.3847989954742231,0.3699759660395134,0.4026768708743386,0.008948854113838124,500,0.95
Logistic Regression,PR-AUC,0.22862582588691843,0.21624498788389943,0.24165515087059602,0.006717147845478684,500,0.95
Decision Tree,AUC,0.723119262703815,0.7126191395913665,0.7330036830660027,0.005304576134894181,500,0.95
Decision Tree,KS,0.3280951810882753,0.3142730049995635,0.34918052292537854,0.0094373801225917,500,0.95
Decision Tree,PR-AUC,0.20806969642453854,0.19627306549696336,0.22142396310087203,0.0065730791206885615,500,0.95
Random Forest,AUC,0.7526202265397273,0.7434222243250281,0.7615154496328331,0.004968896275431144,500,0.95
Random Forest,KS,0.38007132928548887,0.3661061296265595,0.40202451522665844,0.009807469194887288,500,0.95
Random Forest,PR-AUC,0.23644903215463495,0.2233286646708987,0.25122876640141395,0.007218908544658414,500,0.95
XGBoost,AUC,0.7674005231399331,0.7588550792315474,0.7764624894113535,0.004778062756208496,500,0.95
XGBoost,KS,0.4086998494855399,0.392905658509703,0.42916474140964955,0.009261313513683596,500,0.95
XGBoost,PR-AUC,0.2609243379617524,0.24690540312407597,0.2757065294439878,0.007662398894238241,500,0.95
LightGBM,AUC,0.7670519004272387,0.758374045992497,0.7764513845018103,0.00480432470243697,500,0.95
LightGBM,KS,0.4038372817432409,0.38788060270805785,0.42310269242216414,0.009115728115386005,500,0.95
LightGBM,PR-AUC,0.2592578130952708,0.24553662484716265,0.2736214833733898,0.007504168411142258,500,0.95
