Model,RiskDecile,SampleCount,BadCount,ActualBadRate,MeanPredictedPD,SampleShare,Lift,CumulativeBadCaptureHighToLow,RiskLevel
Logistic Regression,1,6151,82,0.013331165664119656,0.13522769403967272,0.10001138155862316,0.1651372974502218,1.0,Low
Logistic Regression,2,6150,124,0.020162601626016262,0.21305340102048423,0.0999951221891615,0.24976042050450717,0.983484390735146,Low
Logistic Regression,3,6150,163,0.026504065040650407,0.2700511214064389,0.0999951221891615,0.3283141011470537,0.9585095669687814,Low
Logistic Regression,4,6150,205,0.03333333333333333,0.3228784431577698,0.0999951221891615,0.41291037260825775,0.9256797583081571,Medium
Logistic Regression,5,6151,289,0.046984230206470495,0.37560235128385655,0.10001138155862316,0.5820082800379768,0.8843907351460222,Medium
Logistic Regression,6,6150,404,0.0656910569105691,0.4308056292252812,0.0999951221891615,0.8137355635792006,0.8261832829808661,Medium
Logistic Regression,7,6150,503,0.08178861788617886,0.4928873114081902,0.0999951221891615,1.0131410605948958,0.7448136958710977,Medium
Logistic Regression,8,6150,659,0.10715447154471544,0.5636548415238295,0.0999951221891615,1.3273557831650822,0.6435045317220544,High
Logistic Regression,9,6150,911,0.148130081300813,0.6501035845570448,0.0999951221891615,1.8349334119323066,0.5107754279959718,High
Logistic Regression,10,6151,1625,0.26418468541700535,0.7853887070680785,0.10001138155862316,3.272537906787931,0.32729103726082576,High
Decision Tree,1,6151,120,0.019509022923101936,0.11193136539785226,0.10001138155862316,0.2416643377320319,1.0,Low
Decision Tree,2,6150,162,0.026341463414634145,0.2081149906746063,0.0999951221891615,0.32629990420750127,0.9758308157099698,Low
Decision Tree,3,6150,216,0.0351219512195122,0.26681088869474545,0.0999951221891615,0.4350665389433351,0.943202416918429,Low
Decision Tree,4,6150,256,0.0416260162601626,0.33319822272859423,0.0999951221891615,0.5156344165254341,0.8996978851963746,Medium
Decision Tree,5,6151,331,0.05381238822955617,0.38943302859443957,0.10001138155862316,0.6665907982441879,0.8481369587109768,Medium
Decision Tree,6,6150,419,0.06813008130081301,0.4450085651413769,0.0999951221891615,0.8439485176724878,0.7814702920443102,Medium
Decision Tree,7,6150,498,0.08097560975609756,0.5094969172667881,0.0999951221891615,1.0030700758971336,0.697079556898288,Medium
Decision Tree,8,6150,602,0.09788617886178862,0.576682746621607,0.0999951221891615,1.2125465576105912,0.5967774420946627,High
Decision Tree,9,6150,882,0.14341463414634145,0.66084293282497,0.0999951221891615,1.7765217006852845,0.4755287009063444,High
Decision Tree,10,6151,1479,0.24044870752723135,0.7726490371781171,0.10001138155862316,2.978512962547293,0.29788519637462235,High
Random Forest,1,6151,72,0.01170541375386116,0.1901717125375289,0.10001138155862316,0.14499860263921913,1.0,Low
Random Forest,2,6150,111,0.018048780487804877,0.24702417547160166,0.0999951221891615,0.22357586029032492,0.9854984894259818,Low
Random Forest,3,6150,196,0.03186991869918699,0.2859790453889606,0.0999951221891615,0.39478260015228545,0.963141993957704,Low
Random Forest,4,6150,215,0.034959349593495934,0.3225863229559603,0.0999951221891615,0.4330523420037825,0.9236656596173213,Medium
Random Forest,5,6151,302,0.049097707689806536,0.3601173789734278,0.10001138155862316,0.6081885832922802,0.8803625377643505,Medium
Random Forest,6,6150,361,0.05869918699186992,0.3984976409856356,0.0999951221891615,0.7271250951784441,0.8195367573011078,Medium
Random Forest,7,6150,526,0.08552845528455284,0.4420000902822584,0.0999951221891615,1.059467590204603,0.7468277945619335,Medium
Random Forest,8,6150,654,0.10634146341463414,0.4932706740148745,0.0999951221891615,1.31728479846732,0.6408862034239677,High
Random Forest,9,6150,932,0.15154471544715448,0.557091335496502,0.0999951221891615,1.8772315476629087,0.5091641490433031,High
Random Forest,10,6151,1596,0.25947000487725574,0.6656958226036676,0.10001138155862316,3.2141356918360238,0.3214501510574018,High
XGBoost,1,6151,62,0.010079661843602667,0.09524273279711538,0.10001138155862316,0.12485990782821647,1.0,Low
XGBoost,2,6150,96,0.015609756097560976,0.16706814890227667,0.0999951221891615,0.19336290619703778,0.9875125881168177,Low
XGBoost,3,6150,153,0.024878048780487806,0.22293591821339073,0.0999951221891615,0.30817213175152897,0.9681772406847936,Low
XGBoost,4,6150,219,0.03560975609756097,0.27778564585902826,0.0999951221891615,0.4411091297619924,0.937361530715005,Medium
XGBoost,5,6151,282,0.045846203869289545,0.3354961178231445,0.10001138155862316,0.5679111936702749,0.8932527693856999,Medium
XGBoost,6,6150,356,0.057886178861788616,0.3992163548091563,0.0999951221891615,0.7170541104806818,0.8364551863041289,Medium
XGBoost,7,6150,463,0.07528455284552846,0.46976068239386487,0.0999951221891615,0.9325731830127969,0.7647532729103727,Medium
XGBoost,8,6150,660,0.1073170731707317,0.5491777537508709,0.0999951221891615,1.3293699801046348,0.6715005035246727,High
XGBoost,9,6150,930,0.15121951219512195,0.6446579647451881,0.0999951221891615,1.8732031537838034,0.5385699899295066,High
XGBoost,10,6151,1744,0.28353113314908146,0.7844352232907927,0.10001138155862316,3.512188375038863,0.3512588116817724,High
LightGBM,1,6151,65,0.010567387416680214,0.09805351578024224,0.10001138155862316,0.13090151627151725,1.0,Low
LightGBM,2,6150,103,0.016747967479674795,0.1645835473657176,0.0999951221891615,0.2074622847739051,0.9869083585095669,Low
LightGBM,3,6150,144,0.023414634146341463,0.21993777396566064,0.0999951221891615,0.29004435929555666,0.9661631419939577,Low
LightGBM,4,6150,220,0.03577235772357724,0.27708159790193176,0.0999951221891615,0.443123326701545,0.9371601208459215,Medium
LightGBM,5,6151,284,0.046171354251341244,0.33675658187495827,0.10001138155862316,0.5719389326324754,0.8928499496475327,Medium
LightGBM,6,6150,373,0.060650406504065044,0.4024214728419911,0.0999951221891615,0.751295458453074,0.8356495468277946,Medium
LightGBM,7,6150,442,0.07186991869918699,0.4741785198548409,0.0999951221891615,0.8902750472821948,0.7605236656596174,Medium
LightGBM,8,6150,649,0.10552845528455285,0.5538520644897282,0.0999951221891615,1.3072138137695575,0.6715005035246727,High
LightGBM,9,6150,947,0.15398373983739838,0.6464896954295137,0.0999951221891615,1.9074445017561958,0.540785498489426,High
LightGBM,10,6151,1738,0.28255568200292636,0.7733231550984261,0.10001138155862316,3.5001051581522615,0.3500503524672709,High
