ModelA,ModelB,AUCDifference,Lower,Upper,BootstrapSE,ProbabilityModelABetter,BootstrapReplicates
Logistic Regression,Decision Tree,0.028295333735459338,0.02229259783678541,0.03462867193402448,0.0031972141172655465,1.0,500
Logistic Regression,Random Forest,-0.0012056301004529368,-0.005690270477971028,0.0030683890114600086,0.002299629691875156,0.298,500
Logistic Regression,XGBoost,-0.015985926700658792,-0.01966959391213171,-0.012474920192745155,0.0018761747871292485,0.0,500
Logistic Regression,LightGBM,-0.01563730398796437,-0.019403119891551128,-0.011882609555654539,0.0018678860632872255,0.0,500
Decision Tree,Random Forest,-0.029500963835912275,-0.035899507716891745,-0.023331950624464238,0.003142613147801551,0.0,500
Decision Tree,XGBoost,-0.04428126043611813,-0.05048589918324932,-0.03844084359587401,0.003110759835860581,0.0,500
Decision Tree,LightGBM,-0.043932637723423706,-0.05035802496916776,-0.03816359590042328,0.003049406361258155,0.0,500
Random Forest,XGBoost,-0.014780296600205856,-0.018377371054366574,-0.01114936301720291,0.0019215152736466296,0.0,500
Random Forest,LightGBM,-0.014431673887511431,-0.018052881636943782,-0.010602212488054362,0.001957167197199411,0.0,500
XGBoost,LightGBM,0.00034862271269442413,-0.0012170106827241816,0.0017853513267986813,0.0007760537795492011,0.66,500
