Feature,PSI,Comparison,Interpretation
COMMONAREA_AVG,0.00177625655552643,random_test_vs_train,small_shift
LIVINGAREA_AVG,0.0014218597230346213,random_test_vs_train,small_shift
COMMONAREA_MODE,0.0011409246780500137,random_test_vs_train,small_shift
SCORE::Random Forest,0.001025265216664104,random_test_vs_train,random-split score consistency only
LANDAREA_MODE,0.0010118249798116955,random_test_vs_train,small_shift
LIVINGAPARTMENTS_AVG,0.0010115057812292887,random_test_vs_train,small_shift
LANDAREA_AVG,0.0009982091818621236,random_test_vs_train,small_shift
FLOORSMIN_AVG,0.0008966462051020255,random_test_vs_train,small_shift
OWN_CAR_AGE,0.0008789332214615735,random_test_vs_train,small_shift
YEARS_BUILD_AVG,0.0007622399981352455,random_test_vs_train,small_shift
LIVINGAREA_MODE,0.000694305279979361,random_test_vs_train,small_shift
EXT_SOURCE_1,0.0006512136780876906,random_test_vs_train,small_shift
SCORE::Logistic Regression,0.0006140691443319001,random_test_vs_train,random-split score consistency only
ELEVATORS_AVG,0.0005764662753002162,random_test_vs_train,small_shift
LIVINGAPARTMENTS_MODE,0.0005523475231431588,random_test_vs_train,small_shift
AMT_INCOME_TOTAL,0.0005131333611969451,random_test_vs_train,small_shift
EMPLOYED_BIRTH_RATIO,0.0005031961789983205,random_test_vs_train,small_shift
INCOME_PER_PERSON,0.0004975920545883379,random_test_vs_train,small_shift
BASEMENTAREA_AVG,0.00047996632756685696,random_test_vs_train,small_shift
YEARS_BEGINEXPLUATATION_MODE,0.00046206949520709057,random_test_vs_train,small_shift
ANNUITY_INCOME_RATIO,0.00045259867960692967,random_test_vs_train,small_shift
DAYS_REGISTRATION,0.0004482913242328308,random_test_vs_train,small_shift
YEARS_BEGINEXPLUATATION_AVG,0.0004189820220408787,random_test_vs_train,small_shift
CREDIT_ANNUITY_RATIO,0.0003971623884790861,random_test_vs_train,small_shift
DAYS_LAST_PHONE_CHANGE,0.00038879652108110395,random_test_vs_train,small_shift
DAYS_ID_PUBLISH,0.00038872860516167546,random_test_vs_train,small_shift
PAYMENT_RATE,0.00038817651227621033,random_test_vs_train,small_shift
NONLIVINGAREA_AVG,0.00038246913786304056,random_test_vs_train,small_shift
AMT_ANNUITY,0.0003490947743522744,random_test_vs_train,small_shift
EXT_SOURCE_3,0.00034676586706761504,random_test_vs_train,small_shift
APARTMENTS_AVG,0.0003323850922577476,random_test_vs_train,small_shift
REGION_POPULATION_RELATIVE,0.0003316493591604718,random_test_vs_train,small_shift
TOTALAREA_MODE,0.00032984425902368107,random_test_vs_train,small_shift
SCORE::XGBoost,0.00032850412335731343,random_test_vs_train,random-split score consistency only
SCORE::Decision Tree,0.00031523765053952693,random_test_vs_train,random-split score consistency only
FLOORSMAX_AVG,0.00030713055531449786,random_test_vs_train,small_shift
ELEVATORS_MODE,0.0002961203129474187,random_test_vs_train,small_shift
NONLIVINGAPARTMENTS_AVG,0.0002884236174693104,random_test_vs_train,small_shift
CREDIT_INCOME_RATIO,0.00024368410551327258,random_test_vs_train,small_shift
HOUR_APPR_PROCESS_START,0.00023626805024356488,random_test_vs_train,small_shift
DAYS_BIRTH,0.0002336371123972983,random_test_vs_train,small_shift
BASEMENTAREA_MODE,0.00022829576773048676,random_test_vs_train,small_shift
SCORE::LightGBM,0.0002270448378321779,random_test_vs_train,random-split score consistency only
EXT_SOURCE_2,0.00022649574717201304,random_test_vs_train,small_shift
NONLIVINGAPARTMENTS_MODE,0.0002173395044200689,random_test_vs_train,small_shift
DAYS_EMPLOYED,0.00019782694368542184,random_test_vs_train,small_shift
ENTRANCES_MODE,0.0001794733001693084,random_test_vs_train,small_shift
APARTMENTS_MODE,0.00017612262218691152,random_test_vs_train,small_shift
OBS_30_CNT_SOCIAL_CIRCLE,0.00015050454251174628,random_test_vs_train,small_shift
ENTRANCES_AVG,0.0001426739235785864,random_test_vs_train,small_shift
NONLIVINGAREA_MODE,0.00014173160191542172,random_test_vs_train,small_shift
AMT_CREDIT,0.00012842926120843257,random_test_vs_train,small_shift
GOODS_CREDIT_RATIO,0.00010312561580645037,random_test_vs_train,small_shift
CNT_FAM_MEMBERS,7.539928446824055e-05,random_test_vs_train,small_shift
CNT_CHILDREN,7.335538426095737e-05,random_test_vs_train,small_shift
AMT_REQ_CREDIT_BUREAU_QRT,2.465355580826286e-05,random_test_vs_train,small_shift
REGION_RATING_CLIENT_W_CITY,2.014236114202585e-05,random_test_vs_train,small_shift
AMT_REQ_CREDIT_BUREAU_MON,6.100444214456901e-06,random_test_vs_train,small_shift
DEF_30_CNT_SOCIAL_CIRCLE,3.0874731229837324e-06,random_test_vs_train,small_shift
REGION_RATING_CLIENT,2.58021183116581e-06,random_test_vs_train,small_shift
AMT_REQ_CREDIT_BUREAU_YEAR,8.941375081399587e-07,random_test_vs_train,small_shift
FLAG_DOCUMENT_12,0.0,random_test_vs_train,small_shift
FLAG_DOCUMENT_11,0.0,random_test_vs_train,small_shift
FLAG_DOCUMENT_10,0.0,random_test_vs_train,small_shift
FLAG_DOCUMENT_9,0.0,random_test_vs_train,small_shift
FLAG_EMAIL,0.0,random_test_vs_train,small_shift
FLAG_DOCUMENT_7,0.0,random_test_vs_train,small_shift
FLAG_DOCUMENT_6,0.0,random_test_vs_train,small_shift
FLAG_DOCUMENT_5,0.0,random_test_vs_train,small_shift
FLAG_DOCUMENT_4,0.0,random_test_vs_train,small_shift
LIVE_CITY_NOT_WORK_CITY,0.0,random_test_vs_train,small_shift
FLAG_DOCUMENT_3,0.0,random_test_vs_train,small_shift
FLAG_DOCUMENT_2,0.0,random_test_vs_train,small_shift
REG_CITY_NOT_WORK_CITY,0.0,random_test_vs_train,small_shift
DEF_60_CNT_SOCIAL_CIRCLE,0.0,random_test_vs_train,small_shift
FLAG_DOCUMENT_8,0.0,random_test_vs_train,small_shift
FLAG_CONT_MOBILE,0.0,random_test_vs_train,small_shift
FLAG_PHONE,0.0,random_test_vs_train,small_shift
FLAG_WORK_PHONE,0.0,random_test_vs_train,small_shift
AMT_REQ_CREDIT_BUREAU_DAY,0.0,random_test_vs_train,small_shift
FLAG_DOCUMENT_17,0.0,random_test_vs_train,small_shift
FLAG_DOCUMENT_18,0.0,random_test_vs_train,small_shift
FLAG_DOCUMENT_19,0.0,random_test_vs_train,small_shift
FLAG_DOCUMENT_20,0.0,random_test_vs_train,small_shift
FLAG_DOCUMENT_21,0.0,random_test_vs_train,small_shift
AMT_REQ_CREDIT_BUREAU_HOUR,0.0,random_test_vs_train,small_shift
FLAG_EMP_PHONE,0.0,random_test_vs_train,small_shift
AMT_REQ_CREDIT_BUREAU_WEEK,0.0,random_test_vs_train,small_shift
FLAG_DOCUMENT_15,0.0,random_test_vs_train,small_shift
REG_REGION_NOT_LIVE_REGION,0.0,random_test_vs_train,small_shift
REG_REGION_NOT_WORK_REGION,0.0,random_test_vs_train,small_shift
LIVE_REGION_NOT_WORK_REGION,0.0,random_test_vs_train,small_shift
REG_CITY_NOT_LIVE_CITY,0.0,random_test_vs_train,small_shift
FLAG_DOCUMENT_14,0.0,random_test_vs_train,small_shift
FLAG_MOBIL,0.0,random_test_vs_train,small_shift
FLAG_DOCUMENT_13,0.0,random_test_vs_train,small_shift
FLAG_DOCUMENT_16,0.0,random_test_vs_train,small_shift
