SegmentVariable,SegmentValue,Model,Rows,BadCount,BadRate,AUC,AUCReported
Gender,F,Logistic Regression,20365,1428,0.07012030444389884,0.7478122579231831,True
Gender,F,Decision Tree,20365,1428,0.07012030444389884,0.7185574525527589,True
Gender,F,Random Forest,20365,1428,0.07012030444389884,0.7497235045467731,True
Gender,F,XGBoost,20365,1428,0.07012030444389884,0.7616807772905857,True
Gender,F,LightGBM,20365,1428,0.07012030444389884,0.7623838678419037,True
Gender,M,Logistic Regression,10387,1055,0.10156926927890632,0.7413218645317644,True
Gender,M,Decision Tree,10387,1055,0.10156926927890632,0.7119753058832372,True
Gender,M,Random Forest,10387,1055,0.10156926927890632,0.7430223274956681,True
Gender,M,XGBoost,10387,1055,0.10156926927890632,0.7621140020680002,True
Gender,M,LightGBM,10387,1055,0.10156926927890632,0.7605163296855542,True
ContractType,Cash loans,Logistic Regression,27897,2321,0.08319891027709073,0.7524191444289448,True
ContractType,Cash loans,Decision Tree,27897,2321,0.08319891027709073,0.7242379943524715,True
ContractType,Cash loans,Random Forest,27897,2321,0.08319891027709073,0.7534340378885472,True
ContractType,Cash loans,XGBoost,27897,2321,0.08319891027709073,0.768908130899323,True
ContractType,Cash loans,LightGBM,27897,2321,0.08319891027709073,0.7689176066748271,True
ContractType,Revolving loans,Logistic Regression,2855,162,0.056742556917688265,0.7230542833959099,True
ContractType,Revolving loans,Decision Tree,2855,162,0.056742556917688265,0.6928926388946192,True
ContractType,Revolving loans,Random Forest,2855,162,0.056742556917688265,0.72396427867402,True
ContractType,Revolving loans,XGBoost,2855,162,0.056742556917688265,0.7337083339063782,True
ContractType,Revolving loans,LightGBM,2855,162,0.056742556917688265,0.7295915794492351,True
AgeBand,"[20, 30)",Logistic Regression,4509,536,0.11887336438234641,0.7027972865348566,True
AgeBand,"[20, 30)",Decision Tree,4509,536,0.11887336438234641,0.6831023118738049,True
AgeBand,"[20, 30)",Random Forest,4509,536,0.11887336438234641,0.714972989319699,True
AgeBand,"[20, 30)",XGBoost,4509,536,0.11887336438234641,0.731579486158435,True
AgeBand,"[20, 30)",LightGBM,4509,536,0.11887336438234641,0.7294226701879478,True
AgeBand,"[30, 40)",Logistic Regression,8225,811,0.09860182370820669,0.7641213992789326,True
AgeBand,"[30, 40)",Decision Tree,8225,811,0.09860182370820669,0.736406395472025,True
AgeBand,"[30, 40)",Random Forest,8225,811,0.09860182370820669,0.7619902626982578,True
AgeBand,"[30, 40)",XGBoost,8225,811,0.09860182370820669,0.779550601937149,True
AgeBand,"[30, 40)",LightGBM,8225,811,0.09860182370820669,0.7806825291704931,True
AgeBand,"[40, 50)",Logistic Regression,7676,564,0.07347576862949452,0.7559531288642111,True
AgeBand,"[40, 50)",Decision Tree,7676,564,0.07347576862949452,0.7230738029421855,True
AgeBand,"[40, 50)",Random Forest,7676,564,0.07347576862949452,0.7520398048648176,True
AgeBand,"[40, 50)",XGBoost,7676,564,0.07347576862949452,0.7708014224285794,True
AgeBand,"[40, 50)",LightGBM,7676,564,0.07347576862949452,0.7700961415727289,True
AgeBand,"[50, 60)",Logistic Regression,6808,411,0.06037015276145711,0.7330420623718463,True
AgeBand,"[50, 60)",Decision Tree,6808,411,0.06037015276145711,0.685213986026753,True
AgeBand,"[50, 60)",Random Forest,6808,411,0.06037015276145711,0.7272151217476868,True
AgeBand,"[50, 60)",XGBoost,6808,411,0.06037015276145711,0.7398849141191869,True
AgeBand,"[50, 60)",LightGBM,6808,411,0.06037015276145711,0.7389443120197385,True
AgeBand,"[60, 70)",Logistic Regression,3534,161,0.045557441992076966,0.6598140512988603,True
AgeBand,"[60, 70)",Decision Tree,3534,161,0.045557441992076966,0.6495130309564628,True
AgeBand,"[60, 70)",Random Forest,3534,161,0.045557441992076966,0.6898240134940788,True
AgeBand,"[60, 70)",XGBoost,3534,161,0.045557441992076966,0.6864910054819695,True
AgeBand,"[60, 70)",LightGBM,3534,161,0.045557441992076966,0.6919398290774565,True
IncomeQuartile,Q1,Logistic Regression,10230,833,0.08142717497556207,0.7385581028197168,True
IncomeQuartile,Q1,Decision Tree,10230,833,0.08142717497556207,0.7192619518808907,True
IncomeQuartile,Q1,Random Forest,10230,833,0.08142717497556207,0.7463824946813886,True
IncomeQuartile,Q1,XGBoost,10230,833,0.08142717497556207,0.7554367495641441,True
IncomeQuartile,Q1,LightGBM,10230,833,0.08142717497556207,0.7563394411718077,True
IncomeQuartile,Q2,Logistic Regression,5508,465,0.08442265795206971,0.7443452971115078,True
IncomeQuartile,Q2,Decision Tree,5508,465,0.08442265795206971,0.7204740308614731,True
IncomeQuartile,Q2,Random Forest,5508,465,0.08442265795206971,0.7430314350350428,True
IncomeQuartile,Q2,XGBoost,5508,465,0.08442265795206971,0.7559154710351195,True
IncomeQuartile,Q2,LightGBM,5508,465,0.08442265795206971,0.7563077959654498,True
IncomeQuartile,Q3,Logistic Regression,8051,684,0.08495839026207924,0.758773318981359,True
IncomeQuartile,Q3,Decision Tree,8051,684,0.08495839026207924,0.7199417228878269,True
IncomeQuartile,Q3,Random Forest,8051,684,0.08495839026207924,0.759380578952925,True
IncomeQuartile,Q3,XGBoost,8051,684,0.08495839026207924,0.7778625163424375,True
IncomeQuartile,Q3,LightGBM,8051,684,0.08495839026207924,0.7766860989857567,True
IncomeQuartile,Q4,Logistic Regression,6963,501,0.07195174493752693,0.7669761065921391,True
IncomeQuartile,Q4,Decision Tree,6963,501,0.07195174493752693,0.733309456605205,True
IncomeQuartile,Q4,Random Forest,6963,501,0.07195174493752693,0.7632447886647009,True
IncomeQuartile,Q4,XGBoost,6963,501,0.07195174493752693,0.7798519333972105,True
IncomeQuartile,Q4,LightGBM,6963,501,0.07195174493752693,0.7781363920256051,True
