Model,ThresholdName,Threshold,Precision,Recall,F1,Specificity,PassRate,RejectRate,BadCaptureRate,Dataset
Logistic Regression,default_0.5,0.5,0.1635962387257724,0.6869460112812248,0.2642591444513329,0.6916410201988044,0.6610841923839875,0.3389158076160125,0.6869460112812248,threshold
Logistic Regression,max_f1,0.6617199778556824,0.2505378914654554,0.42224012892828366,0.31447861965491375,0.8891011355194737,0.8639719033527365,0.1360280966472635,0.42224012892828366,threshold
Logistic Regression,max_youden,0.50191730260849,0.16487559299060897,0.6861402095084609,0.2658652720318476,0.6948600940960062,0.664108484276934,0.3358915157230659,0.6861402095084609,threshold
Logistic Regression,target_recall_70,0.48757779598236084,0.15789951848823475,0.7002417405318292,0.25769145229446216,0.6721143301850083,0.6420604207993236,0.3579395792006764,0.7002417405318292,threshold
Logistic Regression,target_recall_80,0.42081117630004883,0.1376680992652156,0.8001611603545528,0.23491838183108588,0.5599419859209736,0.5308770446489545,0.4691229553510455,0.8001611603545528,threshold
Decision Tree,default_0.5,0.5,0.14573363431151243,0.6502820306204674,0.23810577561407392,0.6653224380062966,0.6398491105980293,0.36015088940197065,0.6502820306204674,threshold
Decision Tree,max_f1,0.6169020297680566,0.1931011718105298,0.47139403706688154,0.273972602739726,0.8270543705118681,0.8029657572111476,0.1970342427888524,0.47139403706688154,threshold
Decision Tree,max_youden,0.498608839123718,0.14163584052609945,0.6941982272360999,0.23527002116474363,0.6306201139056917,0.6044031088419889,0.3955968911580111,0.6941982272360999,threshold
Decision Tree,target_recall_70,0.4825529865687819,0.1399067823850852,0.701450443190975,0.23328420206351333,0.6213873854752556,0.5953302331631491,0.40466976683685085,0.701450443190975,threshold
Decision Tree,target_recall_80,0.4064932445253106,0.12193787611695338,0.8082191780821918,0.21190513917498546,0.4890162368672397,0.4650255276251179,0.5349744723748822,0.8082191780821918,threshold
Random Forest,default_0.5,0.5,0.19158878504672897,0.5616438356164384,0.2857142857142857,0.7919275531500938,0.7633898084615135,0.23661019153848656,0.5616438356164384,threshold
Random Forest,max_f1,0.5642840689746645,0.23467966573816157,0.4073327961321515,0.29779086892488954,0.8833704764936856,0.859906994894475,0.14009300510552503,0.4073327961321515,threshold
Random Forest,max_youden,0.4555289309020223,0.16885496183206106,0.6684125705076551,0.26960266514991466,0.7111323357741696,0.6804981951806446,0.3195018048193555,0.6684125705076551,threshold
Random Forest,target_recall_70,0.4399241465575995,0.16004049328179643,0.7006446414182111,0.2605633802816901,0.6771375004421805,0.6466456375402426,0.35335436245975743,0.7006446414182111,threshold
Random Forest,target_recall_80,0.39329073448328544,0.13962317210348707,0.8001611603545528,0.2377588890219083,0.567087622483993,0.5374459367175051,0.4625540632824949,0.8001611603545528,threshold
XGBoost,default_0.5,0.5,0.1733278955954323,0.684931506849315,0.2766476810414972,0.7131840532031554,0.6810510227309681,0.3189489772690319,0.684931506849315,threshold
XGBoost,max_f1,0.6629428863525391,0.25623034115654486,0.4266720386784851,0.3201814058956916,0.8912589762637518,0.8655978667360411,0.1344021332639589,0.4266720386784851,threshold
XGBoost,max_youden,0.48386305570602417,0.16706172371290415,0.7099113618049959,0.2704735589838054,0.6892355583855106,0.657019283925726,0.342980716074274,0.7099113618049959,threshold
XGBoost,target_recall_70,0.48855429887771606,0.16850882295908473,0.7002417405318292,0.2716473898093154,0.6966288160175457,0.6645962732919255,0.33540372670807456,0.7002417405318292,threshold
XGBoost,target_recall_80,0.41211339831352234,0.1436935308998916,0.8009669621273167,0.24367224367224366,0.5809190279104319,0.550095931839615,0.44990406816038503,0.8009669621273167,threshold
LightGBM,default_0.5,0.5,0.1707413639513016,0.6950040290088638,0.27413587604290823,0.7036329548268421,0.671457838769471,0.3285421612305291,0.6950040290088638,threshold
LightGBM,max_f1,0.650750484233956,0.2441027801179444,0.4669621273166801,0.32060857538035964,0.873041140471895,0.8455985171213944,0.15440148287860558,0.4669621273166801,threshold
LightGBM,max_youden,0.5117749865563443,0.17601828761429758,0.6825141015310233,0.2798612258384272,0.719480703243836,0.6870345679815291,0.31296543201847093,0.6825141015310233,threshold
LightGBM,target_recall_70,0.49627310596247837,0.16903326201128185,0.7002417405318292,0.27232842369163274,0.697760798047331,0.6656368898572405,0.3343631101427596,0.7002417405318292,threshold
LightGBM,target_recall_80,0.41746112175576033,0.14429993460728038,0.8001611603545528,0.24450600184672208,0.5833952386005872,0.5524373191115736,0.4475626808884264,0.8001611603545528,threshold
